AÃ±o,Semana,Precio Gasolina,Precio Gasoleo
2002,Semana 1,0.759,0.673
2002,Semana 2,0.759,0.673
2002,Semana 3,0.767,0.673
2002,Semana 4,0.762,0.667
2002,Semana 5,0.762,0.668
2002,Semana 6,0.768,0.669
2002,Semana 7,0.77,0.671
2002,Semana 8,0.77,0.671
2002,Semana 9,0.77,0.671
2002,Semana 10,0.774,0.671
2002,Semana 11,0.8,0.685
2002,Semana 12,0.803,0.687
2002,Semana 13,0.813,0.696
2002,Semana 14,0.8234999999999999,0.7
2002,Semana 15,0.834,0.704
2002,Semana 16,0.848,0.71
2002,Semana 17,0.848,0.71
2002,Semana 18,0.841,0.707
2002,Semana 19,0.841,0.707
2002,Semana 20,0.84,0.707
2002,Semana 21,0.84,0.707
2002,Semana 22,0.835,0.702
2002,Semana 23,0.821,0.688
2002,Semana 24,0.818,0.682
2002,Semana 25,0.812,0.678
2002,Semana 26,0.812,0.678
2002,Semana 27,0.813,0.678
2002,Semana 28,0.821,0.678
2002,Semana 29,0.822,0.678
2002,Semana 30,0.823,0.679
2002,Semana 31,0.821,0.679
2002,Semana 32,0.823,0.68
2002,Semana 33,0.823,0.68
2002,Semana 34,0.823,0.68
2002,Semana 35,0.824,0.691
2002,Semana 36,0.825,0.692
2002,Semana 37,0.825,0.692
2002,Semana 38,0.834,0.703
2002,Semana 39,0.834,0.702
2002,Semana 40,0.84,0.713
2002,Semana 41,0.839,0.713
2002,Semana 42,0.839,0.713
2002,Semana 43,0.839,0.713
2002,Semana 44,0.831,0.706
2002,Semana 45,0.818,0.695
2002,Semana 46,0.805,0.678
2002,Semana 47,0.787,0.667
2002,Semana 48,0.786,0.666
2002,Semana 49,0.795,0.677
2002,Semana 50,0.801,0.684
2002,Semana 51,0.801,0.684
2003,Semana 1,0.8160000000000001,0.7030000000000001
2003,Semana 2,0.831,0.722
2003,Semana 3,0.831,0.722
2003,Semana 4,0.831,0.713
2003,Semana 5,0.831,0.715
2003,Semana 6,0.843,0.724
2003,Semana 7,0.845,0.727
2003,Semana 8,0.849,0.727
2003,Semana 9,0.855,0.739
2003,Semana 10,0.866,0.756
2003,Semana 11,0.863,0.764
2003,Semana 12,0.863,0.774
2003,Semana 13,0.85,0.769
2003,Semana 14,0.839,0.756
2003,Semana 15,0.828,0.733
2003,Semana 16,0.824,0.719
2003,Semana 17,0.819,0.71
2003,Semana 18,0.814,0.701
2003,Semana 19,0.81,0.698
2003,Semana 20,0.798,0.679
2003,Semana 21,0.797,0.677
2003,Semana 22,0.794,0.67
2003,Semana 23,0.794,0.668
2003,Semana 24,0.794,0.662
2003,Semana 25,0.794,0.662
2003,Semana 26,0.794,0.662
2003,Semana 27,0.794,0.659
2003,Semana 28,0.804,0.668
2003,Semana 29,0.816,0.67
2003,Semana 30,0.816,0.67
2003,Semana 31,0.816,0.669
2003,Semana 32,0.816,0.669
2003,Semana 33,0.822,0.675
2003,Semana 34,0.828,0.681
2003,Semana 35,0.842,0.683
2003,Semana 36,0.844,0.685
2003,Semana 37,0.84,0.683
2003,Semana 38,0.823,0.675
2003,Semana 39,0.807,0.661
2003,Semana 40,0.799,0.662
2003,Semana 41,0.799,0.67
2003,Semana 42,0.799,0.684
2003,Semana 43,0.802,0.688
2003,Semana 44,0.798,0.682
2003,Semana 45,0.805,0.69
2003,Semana 46,0.799,0.69
2003,Semana 47,0.799,0.684
2003,Semana 48,0.799,0.684
2003,Semana 49,0.798,0.681
2003,Semana 50,0.798,0.691
2003,Semana 51,0.798,0.692
2004,Semana 1,0.793,0.6904999999999999
2004,Semana 2,0.788,0.689
2004,Semana 3,0.804,0.701
2004,Semana 4,0.804,0.693
2004,Semana 5,0.812,0.7
2004,Semana 6,0.812,0.691
2004,Semana 7,0.812,0.683
2004,Semana 8,0.813,0.681
2004,Semana 9,0.814,0.681
2004,Semana 10,0.824,0.692
2004,Semana 11,0.828,0.698
2004,Semana 12,0.828,0.696
2004,Semana 13,0.839,0.706
2004,Semana 14,0.848,0.715
2004,Semana 15,0.849,0.715
2004,Semana 16,0.851,0.716
2004,Semana 17,0.862,0.727
2004,Semana 18,0.863,0.729
2004,Semana 19,0.876,0.737
2004,Semana 20,0.88,0.74
2004,Semana 21,0.899,0.754
2004,Semana 22,0.908,0.759
2004,Semana 23,0.909,0.759
2004,Semana 24,0.899,0.75
2004,Semana 25,0.888,0.742
2004,Semana 26,0.881,0.739
2004,Semana 27,0.878,0.735
2004,Semana 28,0.877,0.74
2004,Semana 29,0.888,0.753
2004,Semana 30,0.897,0.753
2004,Semana 31,0.897,0.76
2004,Semana 32,0.904,0.769
2004,Semana 33,0.908,0.781
2004,Semana 34,0.909,0.783
2004,Semana 35,0.909,0.791
2004,Semana 36,0.905,0.79
2004,Semana 37,0.902,0.79
2004,Semana 38,0.901,0.792
2004,Semana 39,0.901,0.793
2004,Semana 40,0.91,0.806
2004,Semana 41,0.916,0.818
2004,Semana 42,0.93,0.837
2004,Semana 43,0.931,0.849
2004,Semana 44,0.931,0.85
2004,Semana 45,0.931,0.851
2004,Semana 46,0.916,0.84
2004,Semana 47,0.897,0.822
2004,Semana 48,0.89,0.82
2004,Semana 49,0.89,0.82
2004,Semana 50,0.877,0.809
2004,Semana 51,0.868,0.807
2004,Semana 52,0.857,0.812
2005,Semana 1,0.849,0.8095000000000001
2005,Semana 2,0.841,0.807
2005,Semana 3,0.84,0.807
2005,Semana 4,0.844,0.808
2005,Semana 5,0.852,0.808
2005,Semana 6,0.861,0.813
2005,Semana 7,0.872,0.813
2005,Semana 8,0.883,0.816
2005,Semana 9,0.884,0.82
2005,Semana 10,0.888,0.838
2005,Semana 11,0.902,0.858
2005,Semana 12,0.902,0.862
2005,Semana 13,0.902,0.863
2005,Semana 14,0.908,0.8685
2005,Semana 15,0.914,0.874
2005,Semana 16,0.922,0.877
2005,Semana 17,0.933,0.885
2005,Semana 18,0.943,0.886
2005,Semana 19,0.943,0.879
2005,Semana 20,0.935,0.869
2005,Semana 21,0.928,0.859
2005,Semana 22,0.93,0.859
2005,Semana 23,0.927,0.86
2005,Semana 24,0.93,0.869
2005,Semana 25,0.946,0.889
2005,Semana 26,0.965,0.909
2005,Semana 27,0.981,0.916
2005,Semana 28,0.98,0.923
2005,Semana 29,0.996,0.935
2005,Semana 30,1.0,0.934
2005,Semana 31,0.999,0.931
2005,Semana 32,1.008,0.929
2005,Semana 33,1.016,0.929
2005,Semana 34,1.016,0.929
2005,Semana 35,1.034,0.95
2005,Semana 36,1.045,0.962
2005,Semana 37,1.099,0.981
2005,Semana 38,1.092,0.975
2005,Semana 39,1.073,0.973
2005,Semana 40,1.074,0.974
2005,Semana 41,1.064,0.973
2005,Semana 42,1.064,0.974
2005,Semana 43,1.051,0.974
2005,Semana 44,1.033,0.973
2005,Semana 45,1.019,0.9675
2005,Semana 46,1.005,0.962
2005,Semana 47,0.992,0.945
2005,Semana 48,0.98,0.928
2005,Semana 49,0.96,0.907
2005,Semana 50,0.957,0.897
2005,Semana 51,0.977,0.917
2005,Semana 52,0.98,0.917
2006,Semana 1,0.9855,0.921
2006,Semana 2,0.9882500000000001,0.923
2006,Semana 3,0.991,0.925
2006,Semana 4,1.0,0.929
2006,Semana 5,1.005,0.936
2006,Semana 6,1.005,0.944
2006,Semana 7,1.008,0.944
2006,Semana 8,1.003,0.943
2006,Semana 9,0.982,0.939
2006,Semana 10,1.0,0.945
2006,Semana 11,0.998,0.944
2006,Semana 12,1.003,0.951
2006,Semana 13,1.017,0.954
2006,Semana 14,1.022,0.955
2006,Semana 15,1.037,0.962
2006,Semana 16,1.051,0.968
2006,Semana 17,1.0675,0.9804999999999999
2006,Semana 18,1.084,0.993
2006,Semana 19,1.094,1.0
2006,Semana 20,1.098,1.001
2006,Semana 21,1.098,1.001
2006,Semana 22,1.087,0.986
2006,Semana 23,1.089,0.985
2006,Semana 24,1.083,0.975
2006,Semana 25,1.09,0.98
2006,Semana 26,1.093,0.987
2006,Semana 27,1.085,0.981
2006,Semana 28,1.101,0.985
2006,Semana 29,1.11,0.994
2006,Semana 30,1.13,1.003
2006,Semana 31,1.135,1.004
2006,Semana 32,1.137,1.002
2006,Semana 33,1.136,1.006
2006,Semana 34,1.128,1.009
2006,Semana 35,1.105,1.0
2006,Semana 36,1.078,0.997
2006,Semana 37,1.061,0.991
2006,Semana 38,1.026,0.976
2006,Semana 39,1.006,0.953
2006,Semana 40,0.993,0.938
2006,Semana 41,0.976,0.925
2006,Semana 42,0.969,0.922
2006,Semana 43,0.966,0.921
2006,Semana 44,0.96,0.921
2006,Semana 45,0.96,0.917
2006,Semana 46,0.95,0.905
2006,Semana 47,0.955,0.908
2006,Semana 48,0.956,0.906
2006,Semana 49,0.957,0.906
2006,Semana 50,0.958,0.909
2006,Semana 51,0.964,0.911
2006,Semana 52,0.965,0.909
2007,Semana 1,0.962,0.9045000000000001
2007,Semana 2,0.959,0.9
2007,Semana 3,0.949,0.89
2007,Semana 4,0.94,0.884
2007,Semana 5,0.941,0.884
2007,Semana 6,0.947,0.889
2007,Semana 7,0.956,0.899
2007,Semana 8,0.956,0.898
2007,Semana 9,0.969,0.906
2007,Semana 10,0.998,0.915
2007,Semana 11,1.009,0.923
2007,Semana 12,1.001,0.917
2007,Semana 13,1.001,0.916
2007,Semana 14,1.024,0.935
2007,Semana 15,1.0350000000000001,0.9430000000000001
2007,Semana 16,1.046,0.951
2007,Semana 17,1.046,0.945
2007,Semana 18,1.063,0.946
2007,Semana 19,1.075,0.95
2007,Semana 20,1.081,0.954
2007,Semana 21,1.092,0.959
2007,Semana 22,1.096,0.963
2007,Semana 23,1.091,0.954
2007,Semana 24,1.086,0.964
2007,Semana 25,1.092,0.97
2007,Semana 26,1.098,0.976
2007,Semana 27,1.098,0.977
2007,Semana 28,1.09,0.973
2007,Semana 29,1.093,0.98
2007,Semana 30,1.082,0.982
2007,Semana 31,1.071,0.978
2007,Semana 32,1.067,0.981
2007,Semana 33,1.054,0.963
2007,Semana 34,1.056,0.973
2007,Semana 35,1.052,0.969
2007,Semana 36,1.055,0.973
2007,Semana 37,1.063,0.984
2007,Semana 38,1.064,0.995
2007,Semana 39,1.066,1.003
2007,Semana 40,1.066,1.004
2007,Semana 41,1.055,0.994
2007,Semana 42,1.055,0.995
2007,Semana 43,1.065,1.008
2007,Semana 44,1.075,1.021
2007,Semana 45,1.083,1.03
2007,Semana 46,1.091,1.048
2007,Semana 47,1.092,1.051
2007,Semana 48,1.105,1.072
2007,Semana 49,1.109,1.081
2007,Semana 50,1.095,1.07
2007,Semana 51,1.095,1.064
2008,Semana 1,1.1045,1.073
2008,Semana 2,1.114,1.082
2008,Semana 3,1.112,1.068
2008,Semana 4,1.098,1.052
2008,Semana 5,1.094,1.049
2008,Semana 6,1.093,1.051
2008,Semana 7,1.099,1.063
2008,Semana 8,1.112,1.083
2008,Semana 9,1.128,1.103
2008,Semana 10,1.127,1.107
2008,Semana 11,1.12,1.135
2008,Semana 12,1.13,1.149
2008,Semana 13,1.1275,1.1385
2008,Semana 14,1.125,1.128
2008,Semana 15,1.123,1.126
2008,Semana 16,1.13,1.149
2008,Semana 17,1.143,1.169
2008,Semana 18,1.166,1.19
2008,Semana 19,1.173,1.198
2008,Semana 20,1.186,1.218
2008,Semana 21,1.205,1.269
2008,Semana 22,1.228,1.308
2008,Semana 23,1.233,1.3
2008,Semana 24,1.237,1.289
2008,Semana 25,1.251,1.296
2008,Semana 26,1.255,1.299
2008,Semana 27,1.26,1.305
2008,Semana 28,1.27,1.323
2008,Semana 29,1.276,1.329
2008,Semana 30,1.264,1.318
2008,Semana 31,1.234,1.288
2008,Semana 32,1.212,1.262
2008,Semana 33,1.196,1.217
2008,Semana 34,1.192,1.204
2008,Semana 35,1.189,1.194
2008,Semana 36,1.194,1.2
2008,Semana 37,1.185,1.192
2008,Semana 38,1.183,1.185
2008,Semana 39,1.161,1.162
2008,Semana 40,1.144,1.15
2008,Semana 41,1.14,1.155
2008,Semana 42,1.111,1.126
2008,Semana 43,1.057,1.07
2008,Semana 44,1.022,1.053
2008,Semana 45,0.99,1.016
2008,Semana 46,0.966,1.009
2008,Semana 47,0.944,0.997
2008,Semana 48,0.908,0.968
2008,Semana 49,0.901,0.949
2008,Semana 50,0.889,0.92
2008,Semana 51,0.86,0.889
2009,Semana 1,0.8425,0.8625
2009,Semana 2,0.825,0.836
2009,Semana 3,0.867,0.877
2009,Semana 4,0.881,0.881
2009,Semana 5,0.89,0.873
2009,Semana 6,0.901,0.873
2009,Semana 7,0.913,0.873
2009,Semana 8,0.921,0.867
2009,Semana 9,0.9,0.846
2009,Semana 10,0.895,0.845
2009,Semana 11,0.918,0.84
2009,Semana 12,0.906,0.831
2009,Semana 13,0.911,0.837
2009,Semana 14,0.939,0.856
2009,Semana 15,0.942,0.86
2009,Semana 16,0.9475,0.8645
2009,Semana 17,0.953,0.869
2009,Semana 18,0.956,0.867
2009,Semana 19,0.95,0.859
2009,Semana 20,0.969,0.868
2009,Semana 21,0.983,0.877
2009,Semana 22,1.005,0.874
2009,Semana 23,1.004,0.872
2009,Semana 24,1.025,0.904
2009,Semana 25,1.075,0.951
2009,Semana 26,1.1,0.961
2009,Semana 27,1.083,0.953
2009,Semana 28,1.066,0.944
2009,Semana 29,1.048,0.919
2009,Semana 30,1.034,0.905
2009,Semana 31,1.047,0.93
2009,Semana 32,1.072,0.945
2009,Semana 33,1.099,0.97
2009,Semana 34,1.098,0.97
2009,Semana 35,1.091,0.969
2009,Semana 36,1.077,0.962
2009,Semana 37,1.066,0.949
2009,Semana 38,1.054,0.937
2009,Semana 39,1.052,0.936
2009,Semana 40,1.032,0.927
2009,Semana 41,1.027,0.925
2009,Semana 42,1.037,0.935
2009,Semana 43,1.055,0.957
2009,Semana 44,1.069,0.969
2009,Semana 45,1.08,0.977
2009,Semana 46,1.079,0.976
2009,Semana 47,1.07,0.967
2009,Semana 48,1.072,0.968
2009,Semana 49,1.065,0.961
2009,Semana 50,1.069,0.965
2009,Semana 51,1.06,0.957
2009,Semana 52,1.052,0.955
2010,Semana 1,1.0705,0.971
2010,Semana 2,1.089,0.987
2010,Semana 3,1.108,1.009
2010,Semana 4,1.104,1.001
2010,Semana 5,1.1,0.995
2010,Semana 6,1.095,0.987
2010,Semana 7,1.105,0.994
2010,Semana 8,1.098,0.987
2010,Semana 9,1.107,1.005
2010,Semana 10,1.119,1.01
2010,Semana 11,1.135,1.023
2010,Semana 12,1.156,1.036
2010,Semana 13,1.158,1.044
2010,Semana 14,1.169,1.053
2010,Semana 15,1.177,1.0699999999999998
2010,Semana 16,1.185,1.087
2010,Semana 17,1.177,1.077
2010,Semana 18,1.175,1.081
2010,Semana 19,1.189,1.1
2010,Semana 20,1.189,1.102
2010,Semana 21,1.181,1.095
2010,Semana 22,1.159,1.07
2010,Semana 23,1.152,1.066
2010,Semana 24,1.164,1.078
2010,Semana 25,1.165,1.088
2010,Semana 26,1.175,1.099
2010,Semana 27,1.167,1.094
2010,Semana 28,1.179,1.094
2010,Semana 29,1.166,1.076
2010,Semana 30,1.165,1.076
2010,Semana 31,1.165,1.076
2010,Semana 32,1.167,1.079
2010,Semana 33,1.175,1.1
2010,Semana 34,1.167,1.091
2010,Semana 35,1.152,1.075
2010,Semana 36,1.156,1.085
2010,Semana 37,1.163,1.088
2010,Semana 38,1.169,1.092
2010,Semana 39,1.179,1.099
2010,Semana 40,1.155,1.089
2010,Semana 41,1.152,1.09
2010,Semana 42,1.172,1.103
2010,Semana 43,1.175,1.096
2010,Semana 44,1.173,1.095
2010,Semana 45,1.1720000000000002,1.099
2010,Semana 46,1.171,1.103
2010,Semana 47,1.196,1.133
2010,Semana 48,1.19,1.116
2010,Semana 49,1.207,1.129
2010,Semana 50,1.23,1.147
2010,Semana 51,1.241,1.164
2010,Semana 52,1.235,1.166
2011,Semana 1,1.2455,1.1764999999999999
2011,Semana 2,1.256,1.187
2011,Semana 3,1.265,1.193
2011,Semana 4,1.285,1.217
2011,Semana 5,1.271,1.21
2011,Semana 6,1.258,1.204
2011,Semana 7,1.27,1.234
2011,Semana 8,1.271,1.236
2011,Semana 9,1.284,1.247
2011,Semana 10,1.308,1.267
2011,Semana 11,1.321,1.289
2011,Semana 12,1.324,1.292
2011,Semana 13,1.305,1.293
2011,Semana 14,1.33,1.287
2011,Semana 15,1.336,1.292
2011,Semana 16,1.354,1.308
2011,Semana 17,1.363,1.302
2011,Semana 18,1.3719999999999999,1.298
2011,Semana 19,1.381,1.294
2011,Semana 20,1.346,1.241
2011,Semana 21,1.345,1.244
2011,Semana 22,1.325,1.239
2011,Semana 23,1.348,1.26
2011,Semana 24,1.324,1.251
2011,Semana 25,1.318,1.264
2011,Semana 26,1.323,1.272
2011,Semana 27,1.305,1.243
2011,Semana 28,1.309,1.242
2011,Semana 29,1.332,1.258
2011,Semana 30,1.356,1.283
2011,Semana 31,1.356,1.282
2011,Semana 32,1.354,1.28
2011,Semana 33,1.337,1.267
2011,Semana 34,1.3239999999999998,1.2530000000000001
2011,Semana 35,1.311,1.239
2011,Semana 36,1.319,1.243
2011,Semana 37,1.354,1.265
2011,Semana 38,1.356,1.276
2011,Semana 39,1.352,1.275
2011,Semana 40,1.329,1.275
2011,Semana 41,1.311,1.261
2011,Semana 42,1.315,1.268
2011,Semana 43,1.33,1.279
2011,Semana 44,1.314,1.291
2011,Semana 45,1.314,1.296
2011,Semana 46,1.305,1.295
2011,Semana 47,1.309,1.315
2011,Semana 48,1.295,1.322
2011,Semana 49,1.285,1.299
2011,Semana 50,1.284,1.296
2011,Semana 51,1.294,1.297
2011,Semana 52,1.296,1.285
2012,Semana 1,1.327,1.3105
2012,Semana 2,1.3425,1.32325
2012,Semana 3,1.358,1.336
2012,Semana 4,1.367,1.36
2012,Semana 5,1.37,1.334
2012,Semana 6,1.37,1.321
2012,Semana 7,1.378,1.325
2012,Semana 8,1.392,1.35
2012,Semana 9,1.415,1.368
2012,Semana 10,1.432,1.372
2012,Semana 11,1.437,1.364
2012,Semana 12,1.451,1.39
2012,Semana 13,1.477,1.399
2012,Semana 14,1.478,1.388
2012,Semana 15,1.498,1.392
2012,Semana 16,1.498,1.3835
2012,Semana 17,1.498,1.375
2012,Semana 18,1.473,1.372
2012,Semana 19,1.457,1.371
2012,Semana 20,1.436,1.373
2012,Semana 21,1.414,1.35
2012,Semana 22,1.407,1.345
2012,Semana 23,1.409,1.33
2012,Semana 24,1.401,1.318
2012,Semana 25,1.373,1.298
2012,Semana 26,1.361,1.29
2012,Semana 27,1.348,1.28
2012,Semana 28,1.348,1.285
2012,Semana 29,1.398,1.324
2012,Semana 30,1.402,1.338
2012,Semana 31,1.43,1.378
2012,Semana 32,1.429,1.374
2012,Semana 33,1.44,1.361
2012,Semana 34,1.47,1.395
2012,Semana 35,1.511,1.42
2012,Semana 36,1.512,1.422
2012,Semana 37,1.522,1.444
2012,Semana 38,1.518,1.441
2012,Semana 39,1.501,1.432
2012,Semana 40,1.461,1.411
2012,Semana 41,1.475,1.415
2012,Semana 42,1.477,1.418
2012,Semana 43,1.498,1.428
2012,Semana 44,1.436,1.403
2012,Semana 45,1.391,1.385
2012,Semana 46,1.38,1.366
2012,Semana 47,1.364,1.35
2012,Semana 48,1.371,1.345
2012,Semana 49,1.374,1.35
2012,Semana 50,1.376,1.354
2012,Semana 51,1.375,1.345
2012,Semana 52,1.374,1.341
2013,Semana 1,1.387,1.3515000000000001
2013,Semana 2,1.4,1.362
2013,Semana 3,1.423,1.377
2013,Semana 4,1.412,1.366
2013,Semana 5,1.427,1.375
2013,Semana 6,1.453,1.378
2013,Semana 7,1.461,1.389
2013,Semana 8,1.484,1.41
2013,Semana 9,1.509,1.414
2013,Semana 10,1.488,1.397
2013,Semana 11,1.454,1.377
2013,Semana 12,1.443,1.37
2013,Semana 13,1.452,1.362
2013,Semana 14,1.458,1.368
2013,Semana 15,1.464,1.374
2013,Semana 16,1.428,1.342
2013,Semana 17,1.403,1.311
2013,Semana 18,1.402,1.308
2013,Semana 19,1.396,1.304
2013,Semana 20,1.405,1.323
2013,Semana 21,1.412,1.329
2013,Semana 22,1.437,1.348
2013,Semana 23,1.436,1.342
2013,Semana 24,1.43,1.329
2013,Semana 25,1.424,1.326
2013,Semana 26,1.425,1.333
2013,Semana 27,1.42,1.332
2013,Semana 28,1.422,1.339
2013,Semana 29,1.45,1.364
2013,Semana 30,1.472,1.372
2013,Semana 31,1.471,1.376
2013,Semana 32,1.457,1.364
2013,Semana 33,1.45,1.359
2013,Semana 34,1.448,1.36
2013,Semana 35,1.456,1.37
2013,Semana 36,1.47,1.382
2013,Semana 37,1.477,1.401
2013,Semana 38,1.453,1.397
2013,Semana 39,1.424,1.38
2013,Semana 40,1.415,1.361
2013,Semana 41,1.411,1.359
2013,Semana 42,1.407,1.36
2013,Semana 43,1.407,1.361
2013,Semana 44,1.399,1.347
2013,Semana 45,1.383,1.338
2013,Semana 46,1.378,1.335
2013,Semana 47,1.39,1.336
2013,Semana 48,1.4,1.343
2013,Semana 49,1.405,1.356
2013,Semana 50,1.405,1.36
2013,Semana 51,1.396,1.346
2014,Semana 1,1.4015,1.3515000000000001
2014,Semana 2,1.407,1.357
2014,Semana 3,1.395,1.342
2014,Semana 4,1.387,1.335
2014,Semana 5,1.388,1.339
2014,Semana 6,1.387,1.335
2014,Semana 7,1.387,1.335
2014,Semana 8,1.396,1.338
2014,Semana 9,1.402,1.34
2014,Semana 10,1.407,1.342
2014,Semana 11,1.399,1.335
2014,Semana 12,1.392,1.323
2014,Semana 13,1.392,1.314
2014,Semana 14,1.398,1.319
2014,Semana 15,1.399,1.319
2014,Semana 16,1.41,1.32
2014,Semana 17,1.4184999999999999,1.324
2014,Semana 18,1.427,1.328
2014,Semana 19,1.427,1.326
2014,Semana 20,1.417,1.314
2014,Semana 21,1.415,1.321
2014,Semana 22,1.423,1.325
2014,Semana 23,1.428,1.326
2014,Semana 24,1.421,1.316
2014,Semana 25,1.427,1.32
2014,Semana 26,1.448,1.34
2014,Semana 27,1.456,1.346
2014,Semana 28,1.452,1.337
2014,Semana 29,1.444,1.327
2014,Semana 30,1.437,1.32
2014,Semana 31,1.424,1.318
2014,Semana 32,1.405,1.315
2014,Semana 33,1.41,1.324
2014,Semana 34,1.414,1.326
2014,Semana 35,1.406,1.319
2014,Semana 36,1.413,1.324
2014,Semana 37,1.416,1.327
2014,Semana 38,1.415,1.326
2014,Semana 39,1.405,1.318
2014,Semana 40,1.401,1.312
2014,Semana 41,1.405,1.313
2014,Semana 42,1.392,1.298
2014,Semana 43,1.352,1.274
2014,Semana 44,1.328,1.259
2014,Semana 45,1.331,1.264
2014,Semana 46,1.331,1.265
2014,Semana 47,1.328,1.262
2014,Semana 48,1.308,1.241
2014,Semana 49,1.293,1.228
2014,Semana 50,1.253,1.195
2014,Semana 51,1.217,1.162
2015,Semana 1,1.1835,1.1320000000000001
2015,Semana 2,1.15,1.102
2015,Semana 3,1.132,1.079
2015,Semana 4,1.117,1.056
2015,Semana 5,1.121,1.059
2015,Semana 6,1.136,1.071
2015,Semana 7,1.178,1.108
2015,Semana 8,1.209,1.14
2015,Semana 9,1.225,1.162
2015,Semana 10,1.237,1.171
2015,Semana 11,1.258,1.178
2015,Semana 12,1.269,1.178
2015,Semana 13,1.261,1.159
2015,Semana 14,1.267,1.156
2015,Semana 15,1.2639999999999998,1.154
2015,Semana 16,1.261,1.152
2015,Semana 17,1.287,1.179
2015,Semana 18,1.307,1.196
2015,Semana 19,1.317,1.2
2015,Semana 20,1.314,1.204
2015,Semana 21,1.31,1.202
2015,Semana 22,1.315,1.203
2015,Semana 23,1.318,1.2
2015,Semana 24,1.323,1.194
2015,Semana 25,1.33,1.185
2015,Semana 26,1.337,1.182
2015,Semana 27,1.325,1.177
2015,Semana 28,1.326,1.177
2015,Semana 29,1.331,1.157
2015,Semana 30,1.32,1.145
2015,Semana 31,1.307,1.137
2015,Semana 32,1.284,1.119
2015,Semana 33,1.271,1.105
2015,Semana 34,1.252,1.096
2015,Semana 35,1.232,1.086
2015,Semana 36,1.183,1.053
2015,Semana 37,1.193,1.081
2015,Semana 38,1.194,1.085
2015,Semana 39,1.178,1.072
2015,Semana 40,1.174,1.071
2015,Semana 41,1.17,1.07
2015,Semana 42,1.177,1.077
2015,Semana 43,1.165,1.062
2015,Semana 44,1.151,1.05
2015,Semana 45,1.154,1.052
2015,Semana 46,1.171,1.067
2015,Semana 47,1.17,1.065
2015,Semana 48,1.156,1.051
2015,Semana 49,1.165,1.053
2015,Semana 50,1.162,1.039
2015,Semana 51,1.14,1.005
2016,Semana 1,1.136,0.9834999999999999
2016,Semana 2,1.132,0.962
2016,Semana 3,1.131,0.957
2016,Semana 4,1.109,0.933
2016,Semana 5,1.095,0.909
2016,Semana 6,1.104,0.918
2016,Semana 7,1.098,0.93
2016,Semana 8,1.069,0.919
2016,Semana 9,1.069,0.928
2016,Semana 10,1.065,0.929
2016,Semana 11,1.078,0.946
2016,Semana 12,1.104,0.971
2016,Semana 13,1.116,0.977
2016,Semana 14,1.13589,0.97615
2016,Semana 15,1.135,0.976
2016,Semana 16,1.127,0.953
2016,Semana 17,1.148,0.97
2016,Semana 18,1.152,0.986
2016,Semana 19,1.164,1.004
2016,Semana 20,1.159,1.005
2016,Semana 21,1.156,1.007
2016,Semana 22,1.177,1.032
2016,Semana 23,1.19,1.048
2016,Semana 24,1.192,1.055
2016,Semana 25,1.185,1.056
2016,Semana 26,1.179,1.052
2016,Semana 27,1.184,1.047
2016,Semana 28,1.182,1.05
2016,Semana 29,1.167,1.041
2016,Semana 30,1.149,1.03
2016,Semana 31,1.144,1.026
2016,Semana 32,1.134,1.014
2016,Semana 33,1.121,0.996
2016,Semana 34,1.131,1.003
2016,Semana 35,1.145,1.023
2016,Semana 36,1.156,1.037
2016,Semana 37,1.158,1.034
2016,Semana 38,1.154,1.027
2016,Semana 39,1.157,1.028
2016,Semana 40,1.156,1.028
2016,Semana 41,1.159,1.032
2016,Semana 42,1.178,1.053
2016,Semana 43,1.186,1.067
2016,Semana 44,1.189,1.073
2016,Semana 45,1.189,1.075
2016,Semana 46,1.179,1.061
2016,Semana 47,1.161,1.041
2016,Semana 48,1.158,1.041
2016,Semana 49,1.174,1.059
2016,Semana 50,1.184,1.069
2016,Semana 51,1.202,1.089
2016,Semana 52,1.215,1.105
2017,Semana 1,1.226,1.116
2017,Semana 2,1.237,1.127
2017,Semana 3,1.246,1.136
2017,Semana 4,1.241,1.129
2017,Semana 5,1.242,1.123
2017,Semana 6,1.243,1.122
2017,Semana 7,1.245,1.124
2017,Semana 8,1.247,1.127
2017,Semana 9,1.254,1.131
2017,Semana 10,1.253,1.133
2017,Semana 11,1.249,1.132
2017,Semana 12,1.236,1.125
2017,Semana 13,1.217,1.105
2017,Semana 14,1.212,1.096
2017,Semana 15,1.215,1.094
2017,Semana 16,1.236,1.108
2017,Semana 17,1.25761,1.12552
2017,Semana 18,1.257,1.125
2017,Semana 19,1.239,1.109
2017,Semana 20,1.22,1.093
2017,Semana 21,1.206,1.079
2017,Semana 22,1.21,1.082
2017,Semana 23,1.215,1.087
2017,Semana 24,1.207,1.079
2017,Semana 25,1.194,1.06
2017,Semana 26,1.182,1.05
2017,Semana 27,1.172,1.041
2017,Semana 28,1.168,1.039
2017,Semana 29,1.174,1.048
2017,Semana 30,1.172,1.048
2017,Semana 31,1.176,1.054
2017,Semana 32,1.18,1.061
2017,Semana 33,1.187,1.072
2017,Semana 34,1.191,1.073
2017,Semana 35,1.19,1.07
2017,Semana 36,1.189,1.067
2017,Semana 37,1.2,1.072
2017,Semana 38,1.217,1.084
2017,Semana 39,1.214,1.089
2017,Semana 40,1.211,1.094
2017,Semana 41,1.211,1.107
2017,Semana 42,1.206,1.108
2017,Semana 43,1.203,1.104
2017,Semana 44,1.203,1.109
2017,Semana 45,1.206,1.11
2017,Semana 46,1.22,1.12
2017,Semana 47,1.239,1.134
2017,Semana 48,1.241,1.136
2017,Semana 49,1.238,1.135
2017,Semana 50,1.237,1.135
2017,Semana 51,1.234,1.133
2017,Semana 52,1.235,1.137
2018,Semana 1,1.242,1.146
2018,Semana 2,1.248,1.155
2018,Semana 3,1.254,1.163
2018,Semana 4,1.254,1.165
2018,Semana 5,1.256,1.163
2018,Semana 6,1.256,1.162
2018,Semana 7,1.248,1.153
2018,Semana 8,1.228,1.132
2018,Semana 9,1.224,1.129
2018,Semana 10,1.226,1.136
2018,Semana 11,1.221,1.131
2018,Semana 12,1.22,1.129
2018,Semana 13,1.236,1.14
2018,Semana 14,1.2445,1.1475
2018,Semana 15,1.253,1.155
2018,Semana 16,1.26,1.164
2018,Semana 17,1.269,1.173
2018,Semana 18,1.279,1.183
2018,Semana 19,1.286,1.19
2018,Semana 20,1.302,1.207
2018,Semana 21,1.322,1.227
2018,Semana 22,1.335,1.24
2018,Semana 23,1.337,1.242
2018,Semana 24,1.333,1.237
2018,Semana 25,1.328,1.232
2018,Semana 26,1.319,1.223
2018,Semana 27,1.318,1.221
2018,Semana 28,1.325,1.229
2018,Semana 29,1.325,1.229
2018,Semana 30,1.318,1.221
2018,Semana 31,1.318,1.221
2018,Semana 32,1.325,1.226
2018,Semana 33,1.326,1.226
2018,Semana 34,1.327,1.228
2018,Semana 35,1.329,1.23
2018,Semana 36,1.336,1.238
2018,Semana 37,1.34,1.246
2018,Semana 38,1.337,1.247
2018,Semana 39,1.332,1.244
2018,Semana 40,1.334,1.25
2018,Semana 41,1.351,1.271
2018,Semana 42,1.356,1.284
2018,Semana 43,1.344,1.275
2018,Semana 44,1.339,1.276
2018,Semana 45,1.334,1.274
2018,Semana 46,1.315,1.263
2018,Semana 47,1.295,1.247
2018,Semana 48,1.272,1.225
2018,Semana 49,1.241,1.195
2018,Semana 50,1.224,1.176
2018,Semana 51,1.211,1.163
2019,Semana 1,1.195,1.146
2019,Semana 2,1.179,1.129
2019,Semana 3,1.197,1.148
2019,Semana 4,1.212,1.166
2019,Semana 5,1.222,1.177
2019,Semana 6,1.226,1.184
2019,Semana 7,1.23,1.19
2019,Semana 8,1.236,1.2
2019,Semana 9,1.252,1.219
2019,Semana 10,1.257,1.225
2019,Semana 11,1.261,1.228
2019,Semana 12,1.267,1.23
2019,Semana 13,1.277,1.228
2019,Semana 14,1.291,1.228
2019,Semana 15,1.307,1.232
2019,Semana 16,1.329,1.242
2019,Semana 17,1.341,1.2494999999999998
2019,Semana 18,1.353,1.257
2019,Semana 19,1.358,1.258
2019,Semana 20,1.355,1.257
2019,Semana 21,1.354,1.259
2019,Semana 22,1.357,1.26
2019,Semana 23,1.349,1.247
2019,Semana 24,1.325,1.219
2019,Semana 25,1.306,1.199
2019,Semana 26,1.301,1.194
2019,Semana 27,1.308,1.201
2019,Semana 28,1.311,1.205
2019,Semana 29,1.321,1.21
2019,Semana 30,1.329,1.213
2019,Semana 31,1.327,1.212
2019,Semana 32,1.331,1.216
2019,Semana 33,1.321,1.208
2019,Semana 34,1.312,1.2
2019,Semana 35,1.308,1.198
2019,Semana 36,1.307,1.197
2019,Semana 37,1.302,1.2
2019,Semana 38,1.304,1.209
2019,Semana 39,1.318,1.226
2019,Semana 40,1.32,1.229
2019,Semana 41,1.313,1.221
2019,Semana 42,1.308,1.213
2019,Semana 43,1.302,1.211
2019,Semana 44,1.296,1.211
2019,Semana 45,1.296,1.214
2019,Semana 46,1.299,1.215
2019,Semana 47,1.297,1.214
2019,Semana 48,1.298,1.214
2019,Semana 49,1.306,1.219
2019,Semana 50,1.304,1.218
2019,Semana 51,1.303,1.221
2020,Semana 1,1.3115,1.234
2020,Semana 2,1.32,1.247
2020,Semana 3,1.326,1.253
2020,Semana 4,1.321,1.246
2020,Semana 5,1.317,1.235
2020,Semana 6,1.307,1.221
2020,Semana 7,1.298,1.206
2020,Semana 8,1.296,1.2
2020,Semana 9,1.299,1.201
2020,Semana 10,1.293,1.19
2020,Semana 11,1.277,1.171
2020,Semana 12,1.233,1.127
2020,Semana 13,1.176,1.084
2020,Semana 14,1.143,1.057
2020,Semana 15,1.122,1.037
2020,Semana 16,1.1150000000000002,1.037
2020,Semana 17,1.108,1.018
2020,Semana 18,1.088,0.999
2020,Semana 19,1.072,0.981
2020,Semana 20,1.074,0.98
2020,Semana 21,1.078,0.985
2020,Semana 22,1.089,0.997
2020,Semana 23,1.094,1.001
2020,Semana 24,1.103,1.007
2020,Semana 25,1.119,1.019
2020,Semana 26,1.13,1.028
2020,Semana 27,1.145,1.04
2020,Semana 28,1.151,1.045
2020,Semana 29,1.16,1.056
2020,Semana 30,1.164,1.06
2020,Semana 31,1.164,1.063
2020,Semana 32,1.162,1.06
2020,Semana 33,1.159,1.059
2020,Semana 34,1.163,1.061
2020,Semana 35,1.166,1.061
2020,Semana 36,1.171,1.059
2020,Semana 37,1.169,1.054
2020,Semana 38,1.162,1.04
2020,Semana 39,1.162,1.03
2020,Semana 40,1.162,1.028
2020,Semana 41,1.162,1.028
2020,Semana 42,1.162,1.029
2020,Semana 43,1.161,1.029
2020,Semana 44,1.154,1.025
2020,Semana 45,1.145,1.017
2020,Semana 46,1.142,1.014
2020,Semana 47,1.151,1.024
2020,Semana 48,1.156,1.031
2020,Semana 49,1.166,1.043
2020,Semana 50,1.17,1.048
2020,Semana 51,1.175,1.057
2020,Semana 52,1.184,1.069
2021,Semana 1,1.1915,1.077
2021,Semana 2,1.1952500000000001,1.081
2021,Semana 3,1.199,1.085
2021,Semana 4,1.215,1.099
2021,Semana 5,1.224,1.106
2021,Semana 6,1.227,1.108
2021,Semana 7,1.238,1.119
2021,Semana 8,1.251,1.133
2021,Semana 9,1.268,1.15
2021,Semana 10,1.282,1.165
2021,Semana 11,1.293,1.173
2021,Semana 12,1.311,1.187
2021,Semana 13,1.321,1.192
2021,Semana 14,1.317,1.184
2021,Semana 15,1.319,1.179
2021,Semana 16,1.315,1.179
2021,Semana 17,1.319,1.179
2021,Semana 18,1.326,1.183
2021,Semana 19,1.331,1.188
2021,Semana 20,1.344,1.199
2021,Semana 21,1.35,1.208
2021,Semana 22,1.35,1.21
2021,Semana 23,1.351,1.212
2021,Semana 24,1.358,1.221
2021,Semana 25,1.367,1.231
2021,Semana 26,1.374,1.238
2021,Semana 27,1.383,1.246
2021,Semana 28,1.391,1.253
2021,Semana 29,1.4,1.262
2021,Semana 30,1.408,1.267
2021,Semana 31,1.408,1.263
2021,Semana 32,1.416,1.269
2021,Semana 33,1.419,1.27
2021,Semana 34,1.417,1.266
2021,Semana 35,1.415,1.26
2021,Semana 36,1.414,1.258
2021,Semana 37,1.421,1.265
2021,Semana 38,1.428,1.27
2021,Semana 39,1.436,1.279
2021,Semana 40,1.437,1.29
2021,Semana 41,1.448,1.309
2021,Semana 42,1.466,1.335
2021,Semana 43,1.483,1.357
2021,Semana 44,1.497,1.373
2021,Semana 45,1.505,1.381
2021,Semana 46,1.51,1.384
2021,Semana 47,1.513,1.385
2021,Semana 48,1.512,1.38
2021,Semana 49,1.509,1.376
2021,Semana 50,1.488,1.354
2021,Semana 51,1.479,1.346
2021,Semana 52,1.476,1.344
2022,Semana 1,1.4775,1.3455
2022,Semana 2,1.479,1.347
2022,Semana 3,1.489,1.359
2022,Semana 4,1.502,1.38
2022,Semana 5,1.52,1.403
2022,Semana 6,1.538,1.422
2022,Semana 7,1.558,1.444
2022,Semana 8,1.575,1.462
2022,Semana 9,1.591,1.479
2022,Semana 10,1.608,1.496
2022,Semana 11,1.679,1.581
2022,Semana 12,1.844,1.817
2022,Semana 13,1.813,1.797
2022,Semana 14,1.618,1.637
2022,Semana 15,1.413,1.447
2022,Semana 16,1.3900000000000001,1.413
2022,Semana 17,1.5035,1.53
2022,Semana 18,1.617,1.647
2022,Semana 19,1.637,1.6720000000000002
2022,Semana 20,1.678,1.711
2022,Semana 21,1.697,1.687
2022,Semana 22,1.74,1.667
2022,Semana 23,1.768,1.6520000000000001
2022,Semana 24,1.848,1.716
2022,Semana 25,1.917,1.8030000000000002
2022,Semana 26,1.941,1.8760000000000001
2022,Semana 27,1.9280000000000002,1.9000000000000001
2022,Semana 28,1.9120000000000001,1.8760000000000001
2022,Semana 29,1.872,1.8219999999999998
2022,Semana 30,1.8259999999999998,1.7710000000000001
2022,Semana 31,1.754,1.733
2022,Semana 32,1.702,1.693
2022,Semana 33,1.6600000000000001,1.6543
2022,Semana 34,1.597,1.606
2022,Semana 35,1.586,1.616
2022,Semana 36,1.594,1.682
2022,Semana 37,1.579,1.721
2022,Semana 38,1.548,1.705
2022,Semana 39,1.508,1.667
2022,Semana 40,1.48,1.622
2022,Semana 41,1.476,1.608
2022,Semana 42,1.5110000000000001,1.6560000000000001
2022,Semana 43,1.556,1.749
2022,Semana 44,1.563,1.772
2022,Semana 45,1.559,1.7710000000000001
2022,Semana 46,1.571,1.7630000000000001
2022,Semana 47,1.584,1.739
2022,Semana 48,1.564,1.667
2022,Semana 49,1.53,1.621
2022,Semana 50,1.488,1.564
2022,Semana 51,1.442,1.51
2022,Semana 52,1.3900000000000001,1.461
2022,Semana 53,1.365,1.443
2023,Semana 1,1.583,1.66
2023,Semana 2,1.616,1.681
2023,Semana 3,1.619,1.679
2023,Semana 4,1.636,1.688
2023,Semana 5,1.66,1.7
2023,Semana 6,1.65,1.68
2023,Semana 7,1.633,1.628
2023,Semana 8,1.636,1.611
2023,Semana 9,1.632,1.589
2023,Semana 10,1.632,1.589
2023,Semana 11,1.644,1.592
2023,Semana 12,1.635,1.571
2023,Semana 13,1.627,1.545
2023,Semana 14,1.6335,1.5325
2023,Semana 15,1.64,1.52
2023,Semana 16,1.651,1.519
2023,Semana 17,1.641,1.496
2023,Semana 18,1.622,1.464
2023,Semana 19,1.599,1.433
2023,Semana 20,1.579,1.411
2023,Semana 21,1.576,1.409
2023,Semana 22,1.584,1.415
2023,Semana 23,1.588,1.417
2023,Semana 24,1.594,1.424
2023,Semana 25,1.596,1.427
2023,Semana 26,1.598,1.441
2023,Semana 27,1.591,1.437
2023,Semana 28,1.593,1.439
2023,Semana 29,1.602,1.453
2023,Semana 30,1.615,1.465
2023,Semana 31,1.65,1.501
2023,Semana 32,1.68,1.552
2023,Semana 33,1.692,1.586
2023,Semana 34,1.709,1.601
2023,Semana 35,1.721,1.612
2023,Semana 36,1.731,1.622
2023,Semana 37,1.735,1.634
2023,Semana 38,1.751,1.668
2023,Semana 39,1.759,1.685
2023,Semana 40,1.751,1.687
2023,Semana 41,1.719,1.682
2023,Semana 42,1.679,1.656
2023,Semana 43,1.662,1.654
2023,Semana 44,1.652,1.645
2023,Semana 45,1.646,1.64
2023,Semana 46,1.619,1.607
2023,Semana 47,1.6,1.577
2023,Semana 48,1.585,1.558
2023,Semana 49,1.572,1.543
2023,Semana 50,1.557,1.526
2023,Semana 51,1.536,1.501
2023,Semana 52,1.531,1.492
2024,Semana 1,1.534,1.493
2024,Semana 2,1.535,1.488
2024,Semana 3,1.535,1.483
2024,Semana 4,1.537,1.486
